event_id,site_id,anomaly_date,classification,confidence,tool_calls_count,total_tokens,summary
EVT-00001,CDC_VERILY_fl_2503_Treatment plant_post grit removal,2023-12-27,epidemic,0.75,7,49005,"[epidemic] CDC_VERILY_fl_2503_Treatment plant_post grit removal @ 2023-12-27 (confidence=0.75, factors=hospitalization_trend, signal_pattern, environmental_absence)"
EVT-00002,CDC_VERILY_fl_2503_Treatment plant_post grit removal,2024-03-12,sampling,0.75,6,41198,"[sampling] CDC_VERILY_fl_2503_Treatment plant_post grit removal @ 2024-03-12 (confidence=0.75, factors=signal_pattern, clinical_corroboration, hydrology_context, variant_stability)"
EVT-00003,CDC_VERILY_fl_2503_Treatment plant_post grit removal,2024-06-25,uncertain,0.65,7,50842,"[uncertain] CDC_VERILY_fl_2503_Treatment plant_post grit removal @ 2024-06-25 (confidence=0.65, factors=sustained_signal_increase, missing_clinical_corroboration, no_environmental_confounders_at_anomaly, post_anomaly_rainfall, variant_transition)"
EVT-00004,CDC_VERILY_fl_2503_Treatment plant_post grit removal,2024-08-08,environmental,0.75,6,41536,"[environmental] CDC_VERILY_fl_2503_Treatment plant_post grit removal @ 2024-08-08 (confidence=0.75, factors=hydrological_flow, precipitation_lag_effect, isolated_spike_pattern)"
EVT-00005,CDC_VERILY_fl_2503_Treatment plant_post grit removal,2024-09-10,environmental,0.85,6,41448,"[environmental] CDC_VERILY_fl_2503_Treatment plant_post grit removal @ 2024-09-10 (confidence=0.85, factors=heavy_rainfall_dilution, elevated_discharge, signal_recovery_pattern)"
EVT-00006,CDC_VERILY_fl_2503_Treatment plant_post grit removal,2025-01-02,sampling,0.65,6,39638,"[sampling] CDC_VERILY_fl_2503_Treatment plant_post grit removal @ 2025-01-02 (confidence=0.65, factors=signal_sustained_elevation, trend_detection, variant_shift, lack_environmental_factors)"
EVT-00007,CDC_VERILY_fl_2503_Treatment plant_post grit removal,2025-01-30,uncertain,0.6,7,46735,"[uncertain] CDC_VERILY_fl_2503_Treatment plant_post grit removal @ 2025-01-30 (confidence=0.60, factors=sustained_signal_trend, missing_clinical_data, hydrology_pattern, silver_label_consensus)"
EVT-00008,CDC_VERILY_fl_2503_Treatment plant_post grit removal,2025-02-04,sampling,0.85,7,47411,"[sampling] CDC_VERILY_fl_2503_Treatment plant_post grit removal @ 2025-02-04 (confidence=0.85, factors=signal_isolation, environmental_absence, clinical_corroboration, silver_label_agreement)"
EVT-00009,CDC_VERILY_fl_2503_Treatment plant_post grit removal,2025-07-03,environmental,0.7,7,50028,"[environmental] CDC_VERILY_fl_2503_Treatment plant_post grit removal @ 2025-07-03 (confidence=0.70, factors=heavy_rainfall, silver_label_prior, flow_response)"
EVT-00010,CDC_VERILY_fl_2503_Treatment plant_post grit removal,2025-08-28,sampling,0.75,7,48110,"[sampling] CDC_VERILY_fl_2503_Treatment plant_post grit removal @ 2025-08-28 (confidence=0.75, factors=signal_isolation, environmental_absence, clinical_corroboration, regional_corroboration)"
EVT-00011,NWSS_az_1059_Treatment plant_raw wastewater,2022-02-28,sampling,0.85,6,38306,"[sampling] NWSS_az_1059_Treatment plant_raw wastewater @ 2022-02-28 (confidence=0.85, factors=isolated_single_point_dip, hospitalization_trend, no_environmental_corroboration, no_regional_corroboration)"
EVT-00012,NWSS_az_1059_Treatment plant_raw wastewater,2024-05-20,sampling,0.85,7,43405,"[sampling] NWSS_az_1059_Treatment plant_raw wastewater @ 2024-05-20 (confidence=0.85, factors=signal_isolation, duration, clinical_corroboration, environmental_evidence)"
EVT-00013,NWSS_ga_2699_Treatment plant_raw wastewater,2022-06-05,epidemic,0.85,7,45426,"[epidemic] NWSS_ga_2699_Treatment plant_raw wastewater @ 2022-06-05 (confidence=0.85, factors=hospitalization_increase, wastewater_trend, silver_label_agreement, seasonal_context)"
EVT-00014,NWSS_ga_2699_Treatment plant_raw wastewater,2022-08-07,sampling,0.85,7,45239,"[sampling] NWSS_ga_2699_Treatment plant_raw wastewater @ 2022-08-07 (confidence=0.85, factors=signal_isolation, clinical_corroboration, environmental_absence, silver_label_alignment)"
EVT-00015,NWSS_ga_2699_Treatment plant_raw wastewater,2022-11-13,sampling,1.0,0,0,"[sampling] NWSS_ga_2699_Treatment plant_raw wastewater @ 2022-11-13 (confidence=1.00, factors=silver_label_passthrough)"
EVT-00016,NWSS_ga_2699_Treatment plant_raw wastewater,2023-03-13,sampling,1.0,0,0,"[sampling] NWSS_ga_2699_Treatment plant_raw wastewater @ 2023-03-13 (confidence=1.00, factors=silver_label_passthrough)"
EVT-00017,NWSS_ga_2699_Treatment plant_raw wastewater,2023-05-22,sampling,1.0,0,0,"[sampling] NWSS_ga_2699_Treatment plant_raw wastewater @ 2023-05-22 (confidence=1.00, factors=silver_label_passthrough)"
EVT-00018,NWSS_ga_2699_Treatment plant_raw wastewater,2024-01-15,uncertain,0.65,6,40687,"[uncertain] NWSS_ga_2699_Treatment plant_raw wastewater @ 2024-01-15 (confidence=0.65, factors=variant_replacement, clinical_corroboration, signal_pattern, environmental_factors)"
EVT-00019,NWSS_ga_2699_Treatment plant_raw wastewater,2024-01-28,sampling,0.85,7,47737,"[sampling] NWSS_ga_2699_Treatment plant_raw wastewater @ 2024-01-28 (confidence=0.85, factors=signal_isolation, clinical_corroboration, hydrology, variant_stability)"
EVT-00020,NWSS_ga_2699_Treatment plant_raw wastewater,2024-04-14,uncertain,0.6,6,40274,"[uncertain] NWSS_ga_2699_Treatment plant_raw wastewater @ 2024-04-14 (confidence=0.60, factors=hospitalization_trend, signal_pattern, hydrology_context)"
EVT-00021,NWSS_ga_2699_Treatment plant_raw wastewater,2024-06-16,sampling,0.7,6,39383,"[sampling] NWSS_ga_2699_Treatment plant_raw wastewater @ 2024-06-16 (confidence=0.70, factors=signal_pattern, hydrology, duration)"
EVT-00022,NWSS_ga_2699_Treatment plant_raw wastewater,2025-02-02,sampling,0.85,6,39761,"[sampling] NWSS_ga_2699_Treatment plant_raw wastewater @ 2025-02-02 (confidence=0.85, factors=isolated_signal_dip, normal_hydrology, silver_label_alignment, no_environmental_triggers)"
EVT-00023,NWSS_ga_2699_Treatment plant_raw wastewater,2025-03-16,environmental,0.95,6,39493,"[environmental] NWSS_ga_2699_Treatment plant_raw wastewater @ 2025-03-16 (confidence=0.95, factors=high_flow_dilution, signal_pattern, silver_label_agreement)"
EVT-00024,NWSS_ga_2699_Treatment plant_raw wastewater,2025-06-23,sampling,1.0,0,0,"[sampling] NWSS_ga_2699_Treatment plant_raw wastewater @ 2025-06-23 (confidence=1.00, factors=silver_label_passthrough)"
EVT-00025,NWSS_il_639_Treatment plant_raw wastewater,2022-03-15,sampling,0.85,6,40770,"[sampling] NWSS_il_639_Treatment plant_raw wastewater @ 2022-03-15 (confidence=0.85, factors=signal_pattern, clinical_corroboration, hydrology, variant_timing)"
EVT-00026,NWSS_il_639_Treatment plant_raw wastewater,2022-06-09,environmental,0.85,6,43828,"[environmental] NWSS_il_639_Treatment plant_raw wastewater @ 2022-06-09 (confidence=0.85, factors=heavy_rainfall, clinical_corroboration, signal_pattern, hydrology)"
EVT-00027,NWSS_il_639_Treatment plant_raw wastewater,2022-06-21,sampling,0.85,6,45233,"[sampling] NWSS_il_639_Treatment plant_raw wastewater @ 2022-06-21 (confidence=0.85, factors=signal_pattern, hospitalization_trend, weather_conditions, hydrology)"
EVT-00028,NWSS_il_639_Treatment plant_raw wastewater,2022-09-25,sampling,1.0,0,0,"[sampling] NWSS_il_639_Treatment plant_raw wastewater @ 2022-09-25 (confidence=1.00, factors=silver_label_passthrough)"
EVT-00029,NWSS_il_639_Treatment plant_raw wastewater,2022-10-18,sampling,0.85,7,48910,"[sampling] NWSS_il_639_Treatment plant_raw wastewater @ 2022-10-18 (confidence=0.85, factors=signal_isolation, clinical_corroboration, hydrology_contradiction, weather_absence)"
EVT-00030,NWSS_il_639_Treatment plant_raw wastewater,2023-01-26,sampling,0.85,6,40784,"[sampling] NWSS_il_639_Treatment plant_raw wastewater @ 2023-01-26 (confidence=0.85, factors=signal_isolation, clinical_corroboration, environmental_factors, expert_consensus)"
EVT-00031,NWSS_il_639_Treatment plant_raw wastewater,2023-02-26,sampling,1.0,0,0,"[sampling] NWSS_il_639_Treatment plant_raw wastewater @ 2023-02-26 (confidence=1.00, factors=silver_label_passthrough)"
EVT-00032,NWSS_il_639_Treatment plant_raw wastewater,2023-05-07,environmental,0.85,6,42016,"[environmental] NWSS_il_639_Treatment plant_raw wastewater @ 2023-05-07 (confidence=0.85, factors=high_flow_dilution, clinical_corroboration, signal_pattern)"
EVT-00033,NWSS_il_639_Treatment plant_raw wastewater,2023-07-04,sampling,0.85,7,48473,"[sampling] NWSS_il_639_Treatment plant_raw wastewater @ 2023-07-04 (confidence=0.85, factors=signal_pattern, clinical_corroboration, hydrology_timing, holiday_context)"
EVT-00034,NWSS_il_639_Treatment plant_raw wastewater,2023-11-05,sampling,0.85,6,40486,"[sampling] NWSS_il_639_Treatment plant_raw wastewater @ 2023-11-05 (confidence=0.85, factors=signal_isolation, clinical_mismatch, environmental_absence)"
EVT-00035,NWSS_il_639_Treatment plant_raw wastewater,2023-11-21,epidemic,1.0,0,0,"[epidemic] NWSS_il_639_Treatment plant_raw wastewater @ 2023-11-21 (confidence=1.00, factors=silver_label_passthrough)"
EVT-00036,NWSS_il_639_Treatment plant_raw wastewater,2024-03-12,environmental,0.85,6,42661,"[environmental] NWSS_il_639_Treatment plant_raw wastewater @ 2024-03-12 (confidence=0.85, factors=high_discharge_percentile, seasonal_snowmelt, clinical_trend_contradiction, variant_stability)"
EVT-00037,NWSS_il_639_Treatment plant_raw wastewater,2024-12-15,uncertain,0.65,7,46889,"[uncertain] NWSS_il_639_Treatment plant_raw wastewater @ 2024-12-15 (confidence=0.65, factors=hydrological_disturbance, signal_pattern, clinical_corroboration)"
EVT-00038,NWSS_il_639_Treatment plant_raw wastewater,2025-02-12,sampling,0.7,6,39596,"[sampling] NWSS_il_639_Treatment plant_raw wastewater @ 2025-02-12 (confidence=0.70, factors=signal_pattern, duration, hydrology, variant_context)"
EVT-00039,NWSS_il_639_Treatment plant_raw wastewater,2025-05-04,sampling,1.0,0,0,"[sampling] NWSS_il_639_Treatment plant_raw wastewater @ 2025-05-04 (confidence=1.00, factors=silver_label_passthrough)"
EVT-00040,NWSS_il_639_Treatment plant_raw wastewater,2025-06-01,sampling,1.0,0,0,"[sampling] NWSS_il_639_Treatment plant_raw wastewater @ 2025-06-01 (confidence=1.00, factors=silver_label_passthrough)"
EVT-00041,NWSS_mn_2245_Treatment plant_raw wastewater,2023-05-03,environmental,0.75,6,43322,"[environmental] NWSS_mn_2245_Treatment plant_raw wastewater @ 2023-05-03 (confidence=0.75, factors=high_flow_dilution, seasonal_snowmelt, clinical_trend)"
EVT-00042,NWSS_mn_2245_Treatment plant_raw wastewater,2023-09-06,sampling,1.0,0,0,"[sampling] NWSS_mn_2245_Treatment plant_raw wastewater @ 2023-09-06 (confidence=1.00, factors=silver_label_passthrough)"
EVT-00043,NWSS_mn_2245_Treatment plant_raw wastewater,2023-11-01,epidemic,0.85,7,48117,"[epidemic] NWSS_mn_2245_Treatment plant_raw wastewater @ 2023-11-01 (confidence=0.85, factors=hospitalization_increase, wastewater_signal_trend, detection_methods, silver_label_consensus)"
EVT-00044,NWSS_mn_2245_Treatment plant_raw wastewater,2023-12-26,sampling,0.85,7,46545,"[sampling] NWSS_mn_2245_Treatment plant_raw wastewater @ 2023-12-26 (confidence=0.85, factors=signal_isolation, hydrology_normal, clinical_corroboration, silver_label_alignment)"
EVT-00045,NWSS_mn_2245_Treatment plant_raw wastewater,2024-02-20,sampling,1.0,0,0,"[sampling] NWSS_mn_2245_Treatment plant_raw wastewater @ 2024-02-20 (confidence=1.00, factors=silver_label_passthrough)"
EVT-00046,NWSS_mn_2245_Treatment plant_raw wastewater,2024-03-27,environmental,1.0,0,0,"[environmental] NWSS_mn_2245_Treatment plant_raw wastewater @ 2024-03-27 (confidence=1.00, factors=silver_label_passthrough)"
EVT-00047,NWSS_mn_2245_Treatment plant_raw wastewater,2024-08-12,sampling,1.0,0,0,"[sampling] NWSS_mn_2245_Treatment plant_raw wastewater @ 2024-08-12 (confidence=1.00, factors=silver_label_passthrough)"
EVT-00048,NWSS_mn_2245_Treatment plant_raw wastewater,2024-09-03,sampling,1.0,0,0,"[sampling] NWSS_mn_2245_Treatment plant_raw wastewater @ 2024-09-03 (confidence=1.00, factors=silver_label_passthrough)"
EVT-00049,NWSS_mn_2245_Treatment plant_raw wastewater,2025-01-27,sampling,0.85,7,47232,"[sampling] NWSS_mn_2245_Treatment plant_raw wastewater @ 2025-01-27 (confidence=0.85, factors=signal_isolation, hydrology_normal, silver_label_agreement, no_environmental_confounders)"
EVT-00050,NWSS_mn_2245_Treatment plant_raw wastewater,2025-06-18,sampling,1.0,0,0,"[sampling] NWSS_mn_2245_Treatment plant_raw wastewater @ 2025-06-18 (confidence=1.00, factors=silver_label_passthrough)"
EVT-00051,NWSS_mt_977_Treatment plant_raw wastewater,2021-02-24,sampling,1.0,0,0,"[sampling] NWSS_mt_977_Treatment plant_raw wastewater @ 2021-02-24 (confidence=1.00, factors=silver_label_passthrough)"
EVT-00052,NWSS_mt_977_Treatment plant_raw wastewater,2021-08-04,epidemic,1.0,0,0,"[epidemic] NWSS_mt_977_Treatment plant_raw wastewater @ 2021-08-04 (confidence=1.00, factors=silver_label_passthrough)"
EVT-00053,NWSS_mt_977_Treatment plant_raw wastewater,2022-02-23,sampling,0.85,7,50397,"[sampling] NWSS_mt_977_Treatment plant_raw wastewater @ 2022-02-23 (confidence=0.85, factors=signal_pattern, clinical_corroboration, environmental_absence)"
EVT-00054,NWSS_mt_977_Treatment plant_raw wastewater,2023-02-01,epidemic,0.75,7,51061,"[epidemic] NWSS_mt_977_Treatment plant_raw wastewater @ 2023-02-01 (confidence=0.75, factors=hospitalization_trend, variant_replacement, environmental_absence)"
EVT-00055,NWSS_mt_977_Treatment plant_raw wastewater,2023-12-26,epidemic,1.0,0,0,"[epidemic] NWSS_mt_977_Treatment plant_raw wastewater @ 2023-12-26 (confidence=1.00, factors=silver_label_passthrough)"
EVT-00056,NWSS_mt_977_Treatment plant_raw wastewater,2024-03-05,epidemic,1.0,0,0,"[epidemic] NWSS_mt_977_Treatment plant_raw wastewater @ 2024-03-05 (confidence=1.00, factors=silver_label_passthrough)"
EVT-00057,NWSS_mt_977_Treatment plant_raw wastewater,2024-08-20,sampling,1.0,0,0,"[sampling] NWSS_mt_977_Treatment plant_raw wastewater @ 2024-08-20 (confidence=1.00, factors=silver_label_passthrough)"
EVT-00058,NWSS_mt_977_Treatment plant_raw wastewater,2024-10-22,sampling,1.0,0,0,"[sampling] NWSS_mt_977_Treatment plant_raw wastewater @ 2024-10-22 (confidence=1.00, factors=silver_label_passthrough)"
EVT-00059,NWSS_nc_1611_Treatment plant_raw wastewater,2023-03-16,sampling,0.85,6,40264,"[sampling] NWSS_nc_1611_Treatment plant_raw wastewater @ 2023-03-16 (confidence=0.85, factors=signal_isolation, clinical_corroboration, silver_label_agreement, environmental_absence)"
EVT-00060,NWSS_nc_1611_Treatment plant_raw wastewater,2023-03-21,sampling,1.0,0,0,"[sampling] NWSS_nc_1611_Treatment plant_raw wastewater @ 2023-03-21 (confidence=1.00, factors=silver_label_passthrough)"
EVT-00061,NWSS_nc_1611_Treatment plant_raw wastewater,2023-09-07,sampling,1.0,0,0,"[sampling] NWSS_nc_1611_Treatment plant_raw wastewater @ 2023-09-07 (confidence=1.00, factors=silver_label_passthrough)"
EVT-00062,NWSS_nc_1611_Treatment plant_raw wastewater,2024-02-13,uncertain,0.65,6,39523,"[uncertain] NWSS_nc_1611_Treatment plant_raw wastewater @ 2024-02-13 (confidence=0.65, factors=hospitalization_trend, signal_pattern, hydrology)"
EVT-00063,NWSS_nc_1611_Treatment plant_raw wastewater,2024-04-30,uncertain,0.65,6,39659,"[uncertain] NWSS_nc_1611_Treatment plant_raw wastewater @ 2024-04-30 (confidence=0.65, factors=clinical_data_gap, isolated_signal_dip, no_environmental_confounders, silver_label_prior)"
EVT-00064,NWSS_nc_1611_Treatment plant_raw wastewater,2024-07-04,sampling,1.0,0,0,"[sampling] NWSS_nc_1611_Treatment plant_raw wastewater @ 2024-07-04 (confidence=1.00, factors=silver_label_passthrough)"
EVT-00065,NWSS_nc_1611_Treatment plant_raw wastewater,2024-07-30,uncertain,0.65,7,48547,"[uncertain] NWSS_nc_1611_Treatment plant_raw wastewater @ 2024-07-30 (confidence=0.65, factors=sustained_signal_rise, high_discharge_events, variant_circulation, missing_clinical_data)"
EVT-00066,NWSS_nc_1611_Treatment plant_raw wastewater,2024-12-26,uncertain,0.6,7,46739,"[uncertain] NWSS_nc_1611_Treatment plant_raw wastewater @ 2024-12-26 (confidence=0.60, factors=signal_pattern, environmental_conditions, clinical_corroboration, regional_context)"
EVT-00067,NWSS_nc_1611_Treatment plant_raw wastewater,2025-02-11,environmental,1.0,0,0,"[environmental] NWSS_nc_1611_Treatment plant_raw wastewater @ 2025-02-11 (confidence=1.00, factors=silver_label_passthrough)"
EVT-00068,NWSS_nc_1611_Treatment plant_raw wastewater,2025-04-24,sampling,1.0,0,0,"[sampling] NWSS_nc_1611_Treatment plant_raw wastewater @ 2025-04-24 (confidence=1.00, factors=silver_label_passthrough)"
EVT-00069,NWSS_nc_1611_Treatment plant_raw wastewater,2025-05-01,sampling,1.0,0,0,"[sampling] NWSS_nc_1611_Treatment plant_raw wastewater @ 2025-05-01 (confidence=1.00, factors=silver_label_passthrough)"
EVT-00070,NWSS_nc_1611_Treatment plant_raw wastewater,2025-07-08,uncertain,0.6,6,39953,"[uncertain] NWSS_nc_1611_Treatment plant_raw wastewater @ 2025-07-08 (confidence=0.60, factors=hydrology_high_flow, signal_pattern, silver_label_agreement)"
EVT-00071,NWSS_nc_1611_Treatment plant_raw wastewater,2025-08-21,sampling,1.0,0,0,"[sampling] NWSS_nc_1611_Treatment plant_raw wastewater @ 2025-08-21 (confidence=1.00, factors=silver_label_passthrough)"
EVT-00072,NWSS_nv_554_Treatment plant_90_raw wastewater,2021-11-15,sampling,0.85,7,54896,"[sampling] NWSS_nv_554_Treatment plant_90_raw wastewater @ 2021-11-15 (confidence=0.85, factors=signal_pattern, clinical_corroboration, environmental_factors, variant_dynamics)"
EVT-00073,NWSS_nv_554_Treatment plant_90_raw wastewater,2022-01-11,epidemic,1.0,0,0,"[epidemic] NWSS_nv_554_Treatment plant_90_raw wastewater @ 2022-01-11 (confidence=1.00, factors=silver_label_passthrough)"
EVT-00074,NWSS_nv_554_Treatment plant_90_raw wastewater,2022-01-18,sampling,0.85,6,45955,"[sampling] NWSS_nv_554_Treatment plant_90_raw wastewater @ 2022-01-18 (confidence=0.85, factors=signal_pattern, hospitalization_trend, environmental_conditions, variant_stability)"
EVT-00075,NWSS_nv_554_Treatment plant_90_raw wastewater,2022-03-03,sampling,1.0,0,0,"[sampling] NWSS_nv_554_Treatment plant_90_raw wastewater @ 2022-03-03 (confidence=1.00, factors=silver_label_passthrough)"
EVT-00076,NWSS_nv_554_Treatment plant_90_raw wastewater,2022-03-17,sampling,0.85,7,54525,"[sampling] NWSS_nv_554_Treatment plant_90_raw wastewater @ 2022-03-17 (confidence=0.85, factors=signal_pattern, clinical_corroboration, environmental_absence, silver_label_alignment)"
EVT-00077,NWSS_nv_554_Treatment plant_90_raw wastewater,2022-04-07,uncertain,0.4,6,45855,"[uncertain] NWSS_nv_554_Treatment plant_90_raw wastewater @ 2022-04-07 (confidence=0.40, factors=signal_pattern, clinical_corroboration, environmental_factors, variant_stability)"
EVT-00078,NWSS_nv_554_Treatment plant_90_raw wastewater,2022-06-20,epidemic,0.95,6,45384,"[epidemic] NWSS_nv_554_Treatment plant_90_raw wastewater @ 2022-06-20 (confidence=0.95, factors=hospitalization_trend, variant_replacement, wastewater_signal_magnitude, environmental_absence)"
EVT-00079,NWSS_nv_554_Treatment plant_90_raw wastewater,2022-07-07,sampling,1.0,0,0,"[sampling] NWSS_nv_554_Treatment plant_90_raw wastewater @ 2022-07-07 (confidence=1.00, factors=silver_label_passthrough)"
EVT-00080,NWSS_nv_554_Treatment plant_90_raw wastewater,2022-11-09,uncertain,0.65,6,45335,"[uncertain] NWSS_nv_554_Treatment plant_90_raw wastewater @ 2022-11-09 (confidence=0.65, factors=precipitation_dilution, signal_pattern, clinical_corroboration, flow_contradiction)"
EVT-00081,NWSS_nv_554_Treatment plant_90_raw wastewater,2023-06-20,environmental,0.85,6,46463,"[environmental] NWSS_nv_554_Treatment plant_90_raw wastewater @ 2023-06-20 (confidence=0.85, factors=high_flow_dilution, clinical_corroboration, signal_pattern)"
EVT-00082,NWSS_nv_554_Treatment plant_90_raw wastewater,2023-11-23,sampling,1.0,0,0,"[sampling] NWSS_nv_554_Treatment plant_90_raw wastewater @ 2023-11-23 (confidence=1.00, factors=silver_label_passthrough)"
EVT-00083,NWSS_nv_554_Treatment plant_90_raw wastewater,2024-02-15,sampling,0.85,7,53462,"[sampling] NWSS_nv_554_Treatment plant_90_raw wastewater @ 2024-02-15 (confidence=0.85, factors=signal_isolation, clinical_corroboration, hydrology, variant_stability)"
EVT-00084,NWSS_nv_554_Treatment plant_90_raw wastewater,2024-06-10,epidemic,0.7,6,41732,"[epidemic] NWSS_nv_554_Treatment plant_90_raw wastewater @ 2024-06-10 (confidence=0.70, factors=sustained_signal_elevation, trend_detection, discharge_pattern)"
EVT-00085,NWSS_nv_554_Treatment plant_90_raw wastewater,2024-06-19,sampling,0.85,6,41005,"[sampling] NWSS_nv_554_Treatment plant_90_raw wastewater @ 2024-06-19 (confidence=0.85, factors=signal_isolation, hydrology_normal, silver_label_agreement)"
EVT-00086,NWSS_nv_554_Treatment plant_90_raw wastewater,2024-06-25,sampling,1.0,0,0,"[sampling] NWSS_nv_554_Treatment plant_90_raw wastewater @ 2024-06-25 (confidence=1.00, factors=silver_label_passthrough)"
EVT-00087,NWSS_nv_554_Treatment plant_90_raw wastewater,2024-11-18,sampling,1.0,0,0,"[sampling] NWSS_nv_554_Treatment plant_90_raw wastewater @ 2024-11-18 (confidence=1.00, factors=silver_label_passthrough)"
EVT-00088,NWSS_nv_554_Treatment plant_90_raw wastewater,2024-11-25,sampling,0.85,7,50544,"[sampling] NWSS_nv_554_Treatment plant_90_raw wastewater @ 2024-11-25 (confidence=0.85, factors=signal_pattern, environmental_absence, clinical_corroboration, regional_corroboration)"
EVT-00089,NWSS_nv_554_Treatment plant_90_raw wastewater,2024-12-13,sampling,0.85,6,41985,"[sampling] NWSS_nv_554_Treatment plant_90_raw wastewater @ 2024-12-13 (confidence=0.85, factors=signal_isolation, hydrological_normalcy, silver_label_agreement, epidemic_timing)"
EVT-00090,NWSS_nv_554_Treatment plant_90_raw wastewater,2025-01-15,sampling,0.85,6,41616,"[sampling] NWSS_nv_554_Treatment plant_90_raw wastewater @ 2025-01-15 (confidence=0.85, factors=signal_pattern, hydrology, silver_label, regional_corroboration)"
EVT-00091,NWSS_nv_554_Treatment plant_90_raw wastewater,2025-02-20,sampling,0.75,6,41228,"[sampling] NWSS_nv_554_Treatment plant_90_raw wastewater @ 2025-02-20 (confidence=0.75, factors=signal_pattern, hydrology_normal, clinical_corroboration, variant_timing)"
EVT-00092,NWSS_nv_554_Treatment plant_90_raw wastewater,2025-03-10,uncertain,0.65,6,41562,"[uncertain] NWSS_nv_554_Treatment plant_90_raw wastewater @ 2025-03-10 (confidence=0.65, factors=variant_increase, signal_pattern, detection_methods, hydrology_normal)"
EVT-00093,NWSS_nv_554_Treatment plant_90_raw wastewater,2025-03-25,sampling,0.75,6,42489,"[sampling] NWSS_nv_554_Treatment plant_90_raw wastewater @ 2025-03-25 (confidence=0.75, factors=signal_isolation, silver_label_consensus, clinical_corroboration, environmental_factors)"
EVT-00094,NWSS_nv_554_Treatment plant_90_raw wastewater,2025-04-17,sampling,0.95,6,41040,"[sampling] NWSS_nv_554_Treatment plant_90_raw wastewater @ 2025-04-17 (confidence=0.95, factors=signal_pattern, hydrology_normal, silver_label_alignment, variant_stability)"
EVT-00095,NWSS_nv_554_Treatment plant_90_raw wastewater,2025-05-20,sampling,0.75,7,49673,"[sampling] NWSS_nv_554_Treatment plant_90_raw wastewater @ 2025-05-20 (confidence=0.75, factors=signal_pattern, hydrology_normal, climate_timing, silver_label_agreement)"
EVT-00096,NWSS_nv_554_Treatment plant_90_raw wastewater,2025-05-30,sampling,1.0,0,0,"[sampling] NWSS_nv_554_Treatment plant_90_raw wastewater @ 2025-05-30 (confidence=1.00, factors=silver_label_passthrough)"
EVT-00097,NWSS_nv_554_Treatment plant_90_raw wastewater,2025-06-07,sampling,0.85,6,41438,"[sampling] NWSS_nv_554_Treatment plant_90_raw wastewater @ 2025-06-07 (confidence=0.85, factors=signal_pattern, environmental_absence, clinical_absence, silver_label_agreement)"
EVT-00098,NWSS_nv_554_Treatment plant_90_raw wastewater,2025-06-28,sampling,1.0,0,0,"[sampling] NWSS_nv_554_Treatment plant_90_raw wastewater @ 2025-06-28 (confidence=1.00, factors=silver_label_passthrough)"
EVT-00099,NWSS_nv_554_Treatment plant_90_raw wastewater,2025-08-08,sampling,1.0,0,0,"[sampling] NWSS_nv_554_Treatment plant_90_raw wastewater @ 2025-08-08 (confidence=1.00, factors=silver_label_passthrough)"
EVT-00100,NWSS_ny_1041_Treatment plant_raw wastewater,2022-07-17,sampling,1.0,0,0,"[sampling] NWSS_ny_1041_Treatment plant_raw wastewater @ 2022-07-17 (confidence=1.00, factors=silver_label_passthrough)"
EVT-00101,NWSS_ny_1041_Treatment plant_raw wastewater,2022-10-17,sampling,0.85,6,42502,"[sampling] NWSS_ny_1041_Treatment plant_raw wastewater @ 2022-10-17 (confidence=0.85, factors=signal_isolation, clinical_corroboration, environmental_absence)"
EVT-00102,NWSS_ny_1041_Treatment plant_raw wastewater,2022-12-07,sampling,1.0,0,0,"[sampling] NWSS_ny_1041_Treatment plant_raw wastewater @ 2022-12-07 (confidence=1.00, factors=silver_label_passthrough)"
EVT-00103,NWSS_ny_1041_Treatment plant_raw wastewater,2023-03-14,environmental,0.85,6,42761,"[environmental] NWSS_ny_1041_Treatment plant_raw wastewater @ 2023-03-14 (confidence=0.85, factors=heavy_rainfall, high_flow_cso_risk, clinical_corroboration, signal_pattern)"
EVT-00104,NWSS_ny_1041_Treatment plant_raw wastewater,2023-04-13,sampling,1.0,0,0,"[sampling] NWSS_ny_1041_Treatment plant_raw wastewater @ 2023-04-13 (confidence=1.00, factors=silver_label_passthrough)"
EVT-00105,NWSS_ny_1041_Treatment plant_raw wastewater,2023-08-10,mixed,1.0,0,0,"[mixed] NWSS_ny_1041_Treatment plant_raw wastewater @ 2023-08-10 (confidence=1.00, factors=silver_label_passthrough)"
EVT-00106,NWSS_ny_1041_Treatment plant_raw wastewater,2023-10-05,sampling,0.75,7,49941,"[sampling] NWSS_ny_1041_Treatment plant_raw wastewater @ 2023-10-05 (confidence=0.75, factors=signal_isolation, clinical_corroboration, environmental_factors, detection_method)"
EVT-00107,NWSS_ny_1041_Treatment plant_raw wastewater,2023-12-19,mixed,1.0,0,0,"[mixed] NWSS_ny_1041_Treatment plant_raw wastewater @ 2023-12-19 (confidence=1.00, factors=silver_label_passthrough)"
EVT-00108,NWSS_ny_1041_Treatment plant_raw wastewater,2023-12-28,environmental,0.75,6,41703,"[environmental] NWSS_ny_1041_Treatment plant_raw wastewater @ 2023-12-28 (confidence=0.75, factors=rainfall_dilution, high_flow_dilution, clinical_corroboration)"
EVT-00109,NWSS_ny_1041_Treatment plant_raw wastewater,2024-03-18,sampling,1.0,0,0,"[sampling] NWSS_ny_1041_Treatment plant_raw wastewater @ 2024-03-18 (confidence=1.00, factors=silver_label_passthrough)"
EVT-00110,NWSS_ny_1041_Treatment plant_raw wastewater,2024-07-25,sampling,1.0,0,0,"[sampling] NWSS_ny_1041_Treatment plant_raw wastewater @ 2024-07-25 (confidence=1.00, factors=silver_label_passthrough)"
EVT-00111,NWSS_or_934_Treatment plant_raw wastewater,2020-10-27,sampling,0.85,7,48424,"[sampling] NWSS_or_934_Treatment plant_raw wastewater @ 2020-10-27 (confidence=0.85, factors=signal_isolation, hospitalization_trend, hydrology_normal)"
EVT-00112,NWSS_or_934_Treatment plant_raw wastewater,2020-11-03,epidemic,1.0,0,0,"[epidemic] NWSS_or_934_Treatment plant_raw wastewater @ 2020-11-03 (confidence=1.00, factors=silver_label_passthrough)"
EVT-00113,NWSS_or_934_Treatment plant_raw wastewater,2020-12-29,environmental,0.85,6,43675,"[environmental] NWSS_or_934_Treatment plant_raw wastewater @ 2020-12-29 (confidence=0.85, factors=high_flow_cso_risk, clinical_corroboration, signal_pattern)"
EVT-00114,NWSS_or_934_Treatment plant_raw wastewater,2021-03-08,sampling,1.0,0,0,"[sampling] NWSS_or_934_Treatment plant_raw wastewater @ 2021-03-08 (confidence=1.00, factors=silver_label_passthrough)"
EVT-00115,NWSS_or_934_Treatment plant_raw wastewater,2021-03-21,sampling,1.0,0,0,"[sampling] NWSS_or_934_Treatment plant_raw wastewater @ 2021-03-21 (confidence=1.00, factors=silver_label_passthrough)"
EVT-00116,NWSS_or_934_Treatment plant_raw wastewater,2021-05-02,sampling,0.85,6,41052,"[sampling] NWSS_or_934_Treatment plant_raw wastewater @ 2021-05-02 (confidence=0.85, factors=signal_isolation, clinical_corroboration, hydrological_normalcy, silver_label_agreement)"
EVT-00117,NWSS_or_934_Treatment plant_raw wastewater,2021-07-29,epidemic,1.0,0,0,"[epidemic] NWSS_or_934_Treatment plant_raw wastewater @ 2021-07-29 (confidence=1.00, factors=silver_label_passthrough)"
EVT-00118,NWSS_or_934_Treatment plant_raw wastewater,2021-08-12,epidemic,1.0,0,0,"[epidemic] NWSS_or_934_Treatment plant_raw wastewater @ 2021-08-12 (confidence=1.00, factors=silver_label_passthrough)"
EVT-00119,NWSS_or_934_Treatment plant_raw wastewater,2021-09-23,sampling,1.0,0,0,"[sampling] NWSS_or_934_Treatment plant_raw wastewater @ 2021-09-23 (confidence=1.00, factors=silver_label_passthrough)"
EVT-00120,NWSS_or_934_Treatment plant_raw wastewater,2021-10-26,sampling,1.0,0,0,"[sampling] NWSS_or_934_Treatment plant_raw wastewater @ 2021-10-26 (confidence=1.00, factors=silver_label_passthrough)"
EVT-00121,NWSS_or_934_Treatment plant_raw wastewater,2021-12-20,mixed,1.0,0,0,"[mixed] NWSS_or_934_Treatment plant_raw wastewater @ 2021-12-20 (confidence=1.00, factors=silver_label_passthrough)"
EVT-00122,NWSS_or_934_Treatment plant_raw wastewater,2022-04-18,epidemic,1.0,0,0,"[epidemic] NWSS_or_934_Treatment plant_raw wastewater @ 2022-04-18 (confidence=1.00, factors=silver_label_passthrough)"
EVT-00123,NWSS_or_934_Treatment plant_raw wastewater,2022-05-19,mixed,0.75,6,42843,"[mixed] NWSS_or_934_Treatment plant_raw wastewater @ 2022-05-19 (confidence=0.75, factors=hydrology_high_flow, hospitalization_trend, variant_transition)"
EVT-00124,NWSS_or_934_Treatment plant_raw wastewater,2022-07-19,sampling,0.85,6,41823,"[sampling] NWSS_or_934_Treatment plant_raw wastewater @ 2022-07-19 (confidence=0.85, factors=signal_isolation, clinical_corroboration, environmental_absence, silver_label_alignment)"
EVT-00125,NWSS_or_934_Treatment plant_raw wastewater,2022-10-05,sampling,0.85,6,41901,"[sampling] NWSS_or_934_Treatment plant_raw wastewater @ 2022-10-05 (confidence=0.85, factors=signal_isolation, clinical_corroboration, environmental_factors)"
EVT-00126,NWSS_or_934_Treatment plant_raw wastewater,2022-10-31,epidemic,1.0,0,0,"[epidemic] NWSS_or_934_Treatment plant_raw wastewater @ 2022-10-31 (confidence=1.00, factors=silver_label_passthrough)"
EVT-00127,NWSS_or_934_Treatment plant_raw wastewater,2022-11-30,sampling,0.75,6,41329,"[sampling] NWSS_or_934_Treatment plant_raw wastewater @ 2022-11-30 (confidence=0.75, factors=signal_pattern, clinical_corroboration, hydrology_context, variant_context)"
EVT-00128,NWSS_or_934_Treatment plant_raw wastewater,2022-12-27,environmental,0.85,7,51701,"[environmental] NWSS_or_934_Treatment plant_raw wastewater @ 2022-12-27 (confidence=0.85, factors=high_flow_dilution, clinical_corroboration_absence, signal_pattern)"
EVT-00129,NWSS_or_934_Treatment plant_raw wastewater,2023-02-13,uncertain,0.65,7,49147,"[uncertain] NWSS_or_934_Treatment plant_raw wastewater @ 2023-02-13 (confidence=0.65, factors=clinical_data_discrepancy, variant_replacement, signal_magnitude, environmental_absence)"
EVT-00130,NWSS_or_934_Treatment plant_raw wastewater,2023-03-05,sampling,0.85,6,40878,"[sampling] NWSS_or_934_Treatment plant_raw wastewater @ 2023-03-05 (confidence=0.85, factors=signal_pattern, clinical_corroboration, environmental_factors, silver_label)"
EVT-00131,NWSS_or_934_Treatment plant_raw wastewater,2023-04-18,sampling,1.0,0,0,"[sampling] NWSS_or_934_Treatment plant_raw wastewater @ 2023-04-18 (confidence=1.00, factors=silver_label_passthrough)"
EVT-00132,NWSS_or_934_Treatment plant_raw wastewater,2023-08-28,epidemic,1.0,0,0,"[epidemic] NWSS_or_934_Treatment plant_raw wastewater @ 2023-08-28 (confidence=1.00, factors=silver_label_passthrough)"
EVT-00133,NWSS_or_934_Treatment plant_raw wastewater,2024-07-10,sampling,1.0,0,0,"[sampling] NWSS_or_934_Treatment plant_raw wastewater @ 2024-07-10 (confidence=1.00, factors=silver_label_passthrough)"
EVT-00134,NWSS_or_934_Treatment plant_raw wastewater,2024-10-01,sampling,1.0,0,0,"[sampling] NWSS_or_934_Treatment plant_raw wastewater @ 2024-10-01 (confidence=1.00, factors=silver_label_passthrough)"
EVT-00135,NWSS_or_934_Treatment plant_raw wastewater,2025-08-20,sampling,1.0,0,0,"[sampling] NWSS_or_934_Treatment plant_raw wastewater @ 2025-08-20 (confidence=1.00, factors=silver_label_passthrough)"
EVT-00136,NWSS_pa_1533_Treatment plant_raw wastewater,2023-08-16,epidemic,0.85,7,55113,"[epidemic] NWSS_pa_1533_Treatment plant_raw wastewater @ 2023-08-16 (confidence=0.85, factors=hospitalization_trend, wastewater_signal_trend, variant_dynamics, minor_environmental_influence)"
EVT-00137,NWSS_pa_1533_Treatment plant_raw wastewater,2023-08-23,epidemic,1.0,0,0,"[epidemic] NWSS_pa_1533_Treatment plant_raw wastewater @ 2023-08-23 (confidence=1.00, factors=silver_label_passthrough)"
EVT-00138,NWSS_pa_1533_Treatment plant_raw wastewater,2023-08-28,epidemic,1.0,0,0,"[epidemic] NWSS_pa_1533_Treatment plant_raw wastewater @ 2023-08-28 (confidence=1.00, factors=silver_label_passthrough)"
EVT-00139,NWSS_pa_1533_Treatment plant_raw wastewater,2023-12-06,sampling,0.75,7,52005,"[sampling] NWSS_pa_1533_Treatment plant_raw wastewater @ 2023-12-06 (confidence=0.75, factors=signal_isolation, clinical_corroboration, environmental_conditions, regional_corroboration)"
EVT-00140,NWSS_pa_1533_Treatment plant_raw wastewater,2024-03-02,environmental,0.85,6,45874,"[environmental] NWSS_pa_1533_Treatment plant_raw wastewater @ 2024-03-02 (confidence=0.85, factors=high_flow_dilution, precipitation, clinical_corroboration)"
EVT-00141,NWSS_pa_1533_Treatment plant_raw wastewater,2024-05-18,sampling,0.85,6,44214,"[sampling] NWSS_pa_1533_Treatment plant_raw wastewater @ 2024-05-18 (confidence=0.85, factors=signal_isolation, precipitation_timing, discharge_level, silver_label_consensus)"
EVT-00142,NWSS_pa_1533_Treatment plant_raw wastewater,2024-07-20,uncertain,0.65,7,54508,"[uncertain] NWSS_pa_1533_Treatment plant_raw wastewater @ 2024-07-20 (confidence=0.65, factors=signal_pattern, environmental_conditions, clinical_corroboration, variant_dynamics)"
EVT-00143,NWSS_pa_1533_Treatment plant_raw wastewater,2024-07-24,uncertain,0.65,6,45251,"[uncertain] NWSS_pa_1533_Treatment plant_raw wastewater @ 2024-07-24 (confidence=0.65, factors=sustained_signal_trend, variant_activity, environmental_factors)"
EVT-00144,NWSS_pa_1533_Treatment plant_raw wastewater,2024-08-31,epidemic,0.75,7,54158,"[epidemic] NWSS_pa_1533_Treatment plant_raw wastewater @ 2024-08-31 (confidence=0.75, factors=sustained_signal_elevation, trend_detection, absence_of_environmental_confounders, variant_increase)"
EVT-00145,NWSS_pa_1533_Treatment plant_raw wastewater,2024-09-04,sampling,0.85,7,51983,"[sampling] NWSS_pa_1533_Treatment plant_raw wastewater @ 2024-09-04 (confidence=0.85, factors=isolated_single_day_spike, no_environmental_confounders, silver_label_alignment, no_epidemic_corroboration)"
EVT-00146,NWSS_pa_1533_Treatment plant_raw wastewater,2024-09-30,environmental,1.0,0,0,"[environmental] NWSS_pa_1533_Treatment plant_raw wastewater @ 2024-09-30 (confidence=1.00, factors=silver_label_passthrough)"
EVT-00147,NWSS_pa_1533_Treatment plant_raw wastewater,2024-11-04,sampling,0.85,6,43938,"[sampling] NWSS_pa_1533_Treatment plant_raw wastewater @ 2024-11-04 (confidence=0.85, factors=signal_pattern, weather_conditions, hydrology, silver_label_agreement)"
EVT-00148,NWSS_pa_1533_Treatment plant_raw wastewater,2024-12-28,uncertain,0.6,8,63203,"[uncertain] NWSS_pa_1533_Treatment plant_raw wastewater @ 2024-12-28 (confidence=0.60, factors=sustained_signal_elevation, lack_environmental_explanation, missing_clinical_corroboration, silver_label_prior)"
EVT-00149,NWSS_pa_1533_Treatment plant_raw wastewater,2025-04-16,sampling,0.75,6,43470,"[sampling] NWSS_pa_1533_Treatment plant_raw wastewater @ 2025-04-16 (confidence=0.75, factors=signal_pattern, weather, hydrology, silver_label)"
EVT-00150,NWSS_pa_1533_Treatment plant_raw wastewater,2025-05-24,environmental,0.85,7,55871,"[environmental] NWSS_pa_1533_Treatment plant_raw wastewater @ 2025-05-24 (confidence=0.85, factors=rainfall_dilution, high_flow_dilution, signal_pattern)"
EVT-00151,NWSS_tx_3001_Treatment plant_raw wastewater,2023-07-26,mixed,0.75,7,46355,"[mixed] NWSS_tx_3001_Treatment plant_raw wastewater @ 2023-07-26 (confidence=0.75, factors=hospitalization_trend, variant_shift, sampling_anomaly, silver_label)"
EVT-00152,NWSS_tx_3001_Treatment plant_raw wastewater,2024-03-27,sampling,1.0,0,0,"[sampling] NWSS_tx_3001_Treatment plant_raw wastewater @ 2024-03-27 (confidence=1.00, factors=silver_label_passthrough)"
EVT-00153,NWSS_tx_3001_Treatment plant_raw wastewater,2024-06-03,sampling,1.0,0,0,"[sampling] NWSS_tx_3001_Treatment plant_raw wastewater @ 2024-06-03 (confidence=1.00, factors=silver_label_passthrough)"
EVT-00154,NWSS_tx_3001_Treatment plant_raw wastewater,2024-10-28,sampling,1.0,0,0,"[sampling] NWSS_tx_3001_Treatment plant_raw wastewater @ 2024-10-28 (confidence=1.00, factors=silver_label_passthrough)"
EVT-00155,NWSS_tx_3001_Treatment plant_raw wastewater,2024-12-20,sampling,1.0,0,0,"[sampling] NWSS_tx_3001_Treatment plant_raw wastewater @ 2024-12-20 (confidence=1.00, factors=silver_label_passthrough)"
EVT-00156,NWSS_wa_759_Treatment plant_raw wastewater,2023-10-25,sampling,0.85,6,38160,"[sampling] NWSS_wa_759_Treatment plant_raw wastewater @ 2023-10-25 (confidence=0.85, factors=signal_isolation, clinical_corroboration, silver_label_agreement, regional_corroboration)"
EVT-00157,NWSS_wa_759_Treatment plant_raw wastewater,2024-06-14,sampling,0.85,7,45597,"[sampling] NWSS_wa_759_Treatment plant_raw wastewater @ 2024-06-14 (confidence=0.85, factors=signal_pattern, clinical_corroboration, environmental_factors, regional_corroboration)"
EVT-00158,NWSS_wa_759_Treatment plant_raw wastewater,2024-06-26,sampling,0.85,6,38131,"[sampling] NWSS_wa_759_Treatment plant_raw wastewater @ 2024-06-26 (confidence=0.85, factors=signal_isolation, duration, silver_label_agreement, environmental_absence)"
EVT-00159,NWSS_wa_759_Treatment plant_raw wastewater,2024-08-14,sampling,1.0,0,0,"[sampling] NWSS_wa_759_Treatment plant_raw wastewater @ 2024-08-14 (confidence=1.00, factors=silver_label_passthrough)"
EVT-00160,NWSS_wa_759_Treatment plant_raw wastewater,2024-10-07,sampling,1.0,0,0,"[sampling] NWSS_wa_759_Treatment plant_raw wastewater @ 2024-10-07 (confidence=1.00, factors=silver_label_passthrough)"
EVT-00161,NWSS_wa_759_Treatment plant_raw wastewater,2025-08-08,sampling,0.85,6,37937,"[sampling] NWSS_wa_759_Treatment plant_raw wastewater @ 2025-08-08 (confidence=0.85, factors=signal_isolation, silver_label_consensus, lack_of_environmental_evidence, lack_of_epidemic_evidence)"
EVT-00162,NWSS_wi_231_Treatment plant_raw wastewater,2022-02-03,sampling,1.0,0,0,"[sampling] NWSS_wi_231_Treatment plant_raw wastewater @ 2022-02-03 (confidence=1.00, factors=silver_label_passthrough)"
EVT-00163,NWSS_wi_231_Treatment plant_raw wastewater,2022-03-10,sampling,0.85,6,42978,"[sampling] NWSS_wi_231_Treatment plant_raw wastewater @ 2022-03-10 (confidence=0.85, factors=signal_pattern, clinical_corroboration, environmental_factors, variant_dynamics)"
EVT-00164,NWSS_wi_231_Treatment plant_raw wastewater,2022-05-18,sampling,1.0,0,0,"[sampling] NWSS_wi_231_Treatment plant_raw wastewater @ 2022-05-18 (confidence=1.00, factors=silver_label_passthrough)"
EVT-00165,NWSS_wi_231_Treatment plant_raw wastewater,2022-07-21,sampling,1.0,0,0,"[sampling] NWSS_wi_231_Treatment plant_raw wastewater @ 2022-07-21 (confidence=1.00, factors=silver_label_passthrough)"
EVT-00166,NWSS_wi_231_Treatment plant_raw wastewater,2022-08-15,sampling,1.0,0,0,"[sampling] NWSS_wi_231_Treatment plant_raw wastewater @ 2022-08-15 (confidence=1.00, factors=silver_label_passthrough)"
EVT-00167,NWSS_wi_231_Treatment plant_raw wastewater,2022-09-19,sampling,1.0,0,0,"[sampling] NWSS_wi_231_Treatment plant_raw wastewater @ 2022-09-19 (confidence=1.00, factors=silver_label_passthrough)"
EVT-00168,NWSS_wi_231_Treatment plant_raw wastewater,2022-10-27,sampling,1.0,0,0,"[sampling] NWSS_wi_231_Treatment plant_raw wastewater @ 2022-10-27 (confidence=1.00, factors=silver_label_passthrough)"
EVT-00169,NWSS_wi_231_Treatment plant_raw wastewater,2022-11-09,sampling,1.0,0,0,"[sampling] NWSS_wi_231_Treatment plant_raw wastewater @ 2022-11-09 (confidence=1.00, factors=silver_label_passthrough)"
EVT-00170,NWSS_wi_231_Treatment plant_raw wastewater,2022-11-19,uncertain,0.65,6,43681,"[uncertain] NWSS_wi_231_Treatment plant_raw wastewater @ 2022-11-19 (confidence=0.65, factors=signal_pattern, hospitalization_trend, hydrology, variant_dynamics)"
EVT-00171,NWSS_wi_231_Treatment plant_raw wastewater,2023-04-17,environmental,0.85,6,46147,"[environmental] NWSS_wi_231_Treatment plant_raw wastewater @ 2023-04-17 (confidence=0.85, factors=high_discharge_dilution, seasonal_snowmelt, clinical_corroboration_absence, signal_pattern)"
EVT-00172,NWSS_wi_231_Treatment plant_raw wastewater,2023-04-27,sampling,1.0,0,0,"[sampling] NWSS_wi_231_Treatment plant_raw wastewater @ 2023-04-27 (confidence=1.00, factors=silver_label_passthrough)"
EVT-00173,NWSS_wi_231_Treatment plant_raw wastewater,2023-07-16,sampling,0.75,7,52597,"[sampling] NWSS_wi_231_Treatment plant_raw wastewater @ 2023-07-16 (confidence=0.75, factors=signal_isolation, clinical_corroboration, environmental_absence)"
EVT-00174,NWSS_wi_231_Treatment plant_raw wastewater,2023-07-22,epidemic,1.0,0,0,"[epidemic] NWSS_wi_231_Treatment plant_raw wastewater @ 2023-07-22 (confidence=1.00, factors=silver_label_passthrough)"
EVT-00175,NWSS_wi_231_Treatment plant_raw wastewater,2023-07-27,epidemic,1.0,0,0,"[epidemic] NWSS_wi_231_Treatment plant_raw wastewater @ 2023-07-27 (confidence=1.00, factors=silver_label_passthrough)"
EVT-00176,NWSS_wi_231_Treatment plant_raw wastewater,2023-09-11,epidemic,1.0,0,0,"[epidemic] NWSS_wi_231_Treatment plant_raw wastewater @ 2023-09-11 (confidence=1.00, factors=silver_label_passthrough)"
EVT-00177,NWSS_wi_231_Treatment plant_raw wastewater,2023-11-06,epidemic,0.85,6,42231,"[epidemic] NWSS_wi_231_Treatment plant_raw wastewater @ 2023-11-06 (confidence=0.85, factors=hospitalization_trend, wastewater_signal_trend, silver_label_consensus, environmental_absence)"
EVT-00178,NWSS_wi_231_Treatment plant_raw wastewater,2024-01-29,sampling,0.85,6,42977,"[sampling] NWSS_wi_231_Treatment plant_raw wastewater @ 2024-01-29 (confidence=0.85, factors=signal_isolation, clinical_corroboration, environmental_absence)"
EVT-00179,NWSS_wi_231_Treatment plant_raw wastewater,2024-04-22,environmental,0.85,6,45199,"[environmental] NWSS_wi_231_Treatment plant_raw wastewater @ 2024-04-22 (confidence=0.85, factors=high_flow_discharge, precipitation, clinical_corroboration, signal_pattern)"
EVT-00180,NWSS_wi_231_Treatment plant_raw wastewater,2024-07-18,uncertain,0.65,6,45245,"[uncertain] NWSS_wi_231_Treatment plant_raw wastewater @ 2024-07-18 (confidence=0.65, factors=hydrology_high_flow, heavy_precipitation, signal_trend, data_gaps)"
EVT-00181,NWSS_wi_231_Treatment plant_raw wastewater,2024-09-19,sampling,1.0,0,0,"[sampling] NWSS_wi_231_Treatment plant_raw wastewater @ 2024-09-19 (confidence=1.00, factors=silver_label_passthrough)"
EVT-00182,NWSS_wi_231_Treatment plant_raw wastewater,2024-10-01,uncertain,0.65,6,42852,"[uncertain] NWSS_wi_231_Treatment plant_raw wastewater @ 2024-10-01 (confidence=0.65, factors=signal_pattern, clinical_data_gap, environmental_absence, silver_label_prior)"
EVT-00183,NWSS_wi_231_Treatment plant_raw wastewater,2024-10-31,environmental,1.0,0,0,"[environmental] NWSS_wi_231_Treatment plant_raw wastewater @ 2024-10-31 (confidence=1.00, factors=silver_label_passthrough)"
EVT-00184,NWSS_wi_231_Treatment plant_raw wastewater,2024-12-04,mixed,0.75,7,53375,"[mixed] NWSS_wi_231_Treatment plant_raw wastewater @ 2024-12-04 (confidence=0.75, factors=high_flow_cso_risk, variant_shift, sustained_signal_increase)"
EVT-00185,NWSS_wi_231_Treatment plant_raw wastewater,2025-01-13,sampling,1.0,0,0,"[sampling] NWSS_wi_231_Treatment plant_raw wastewater @ 2025-01-13 (confidence=1.00, factors=silver_label_passthrough)"
EVT-00186,NWSS_wi_231_Treatment plant_raw wastewater,2025-01-28,sampling,1.0,0,0,"[sampling] NWSS_wi_231_Treatment plant_raw wastewater @ 2025-01-28 (confidence=1.00, factors=silver_label_passthrough)"
EVT-00187,NWSS_wi_231_Treatment plant_raw wastewater,2025-04-21,uncertain,0.65,7,51165,"[uncertain] NWSS_wi_231_Treatment plant_raw wastewater @ 2025-04-21 (confidence=0.65, factors=signal_volatility, detection_methods, environmental_context, data_gaps)"
EVT-00188,NWSS_wi_231_Treatment plant_raw wastewater,2025-05-03,environmental,1.0,0,0,"[environmental] NWSS_wi_231_Treatment plant_raw wastewater @ 2025-05-03 (confidence=1.00, factors=silver_label_passthrough)"
EVT-00189,NWSS_wi_231_Treatment plant_raw wastewater,2025-05-15,sampling,1.0,0,0,"[sampling] NWSS_wi_231_Treatment plant_raw wastewater @ 2025-05-15 (confidence=1.00, factors=silver_label_passthrough)"
EVT-00190,NWSS_wi_231_Treatment plant_raw wastewater,2025-06-23,sampling,1.0,0,0,"[sampling] NWSS_wi_231_Treatment plant_raw wastewater @ 2025-06-23 (confidence=1.00, factors=silver_label_passthrough)"
EVT-00191,NWSS_wi_231_Treatment plant_raw wastewater,2025-07-17,environmental,1.0,0,0,"[environmental] NWSS_wi_231_Treatment plant_raw wastewater @ 2025-07-17 (confidence=1.00, factors=silver_label_passthrough)"
EVT-00192,NWSS_wi_231_Treatment plant_raw wastewater,2025-07-29,sampling,1.0,0,0,"[sampling] NWSS_wi_231_Treatment plant_raw wastewater @ 2025-07-29 (confidence=1.00, factors=silver_label_passthrough)"
EVT-00193,NWSS_wy_2628_Treatment plant_raw wastewater,2023-09-13,epidemic,0.75,7,44675,"[epidemic] NWSS_wy_2628_Treatment plant_raw wastewater @ 2023-09-13 (confidence=0.75, factors=silver_label_consensus, sustained_signal_increase, hospitalization_stability, no_environmental_confounders)"
EVT-00194,NWSS_wy_2628_Treatment plant_raw wastewater,2024-01-02,sampling,0.85,6,38068,"[sampling] NWSS_wy_2628_Treatment plant_raw wastewater @ 2024-01-02 (confidence=0.85, factors=signal_isolation, clinical_corroboration, silver_label_consensus, environmental_absence)"
EVT-00195,NWSS_wy_2628_Treatment plant_raw wastewater,2024-03-06,epidemic,0.75,7,44713,"[epidemic] NWSS_wy_2628_Treatment plant_raw wastewater @ 2024-03-06 (confidence=0.75, factors=seasonal_snowmelt_dilution, clinical_corroboration, signal_direction)"
EVT-00196,NWSS_wy_2628_Treatment plant_raw wastewater,2024-03-12,uncertain,0.6,6,37670,"[uncertain] NWSS_wy_2628_Treatment plant_raw wastewater @ 2024-03-12 (confidence=0.60, factors=sustained_signal_drop, clinical_corroboration, seasonal_context, variant_stability)"
EVT-00197,NWSS_wy_2628_Treatment plant_raw wastewater,2025-03-26,uncertain,0.65,6,37215,"[uncertain] NWSS_wy_2628_Treatment plant_raw wastewater @ 2025-03-26 (confidence=0.65, factors=signal_pattern, missing_clinical_data, missing_environmental_data, variant_timing)"
EVT-00198,NWSS_wy_2628_Treatment plant_raw wastewater,2025-06-11,uncertain,0.6,6,37634,"[uncertain] NWSS_wy_2628_Treatment plant_raw wastewater @ 2025-06-11 (confidence=0.60, factors=isolated_single_day_spike, missing_clinical_data, no_environmental_indicators, silver_label_prior)"
EVT-00199,NWSS_wy_2628_Treatment plant_raw wastewater,2025-07-30,sampling,1.0,0,0,"[sampling] NWSS_wy_2628_Treatment plant_raw wastewater @ 2025-07-30 (confidence=1.00, factors=silver_label_passthrough)"
